inicio,fin,sup_inicio,sup_fin,cambio_pct,tipo
1981,1993,227007,132135,-41.792543842260365,Decremento
1993,2014,132135,162324,22.84708820524464,Incremento
2014,2024,162324,113296,-30.203789950962268,Decremento
